Sales Order,Serial No. ,# of ID's,Customer,Researcher,Tag Family,VUE Tag ID,Est tag life (days),Step 1 Status,Step 1 Time     (dy hr:min:sec),Step 1 Power (L/H),Step 1 Acc. On (sec),Step 1 Min Delay (sec),Step 1 Max Delay (sec),Step 2 Status,Step 2 Time       (dy hr:min:sec),Step 2 Power (L/H),Step 2 Acc. On (sec),Step 2 Min Delay (sec),Step 2 Max Delay (sec),Step 3 Status,Step 3 Time       (dy hr:min:sec),Step 3 Power (L/H),Step 3 Acc. On (sec),Step 3 Min Delay (sec),Step 3 Max Delay (sec),Step 4 Status,Step 4 Time         (dy hr:min:sec),Step 4 Power (L/H),Step 4 Acc. On (sec),Step 4 Min Delay (sec),Step 4 Max Delay (sec),Loop To,Sensor type,Range,Units,Slope,Intercept ,Accelerometer Algorithm,Accelerometer Samples (/sec),Sensor Transmit Ratio,95% Est Battery Life (days),50% Est Battery Life (days),Ship Date
25284,1294145,2,WAGENINGEN UR MARINE RESEARCH,Jan Reubens,V13AP-1x-069k-1-0034m,A69-9006-3946,140,ON,90 00:00:00,H,37,50,100,ON,55 00:00:00,H,37,140,220,OFF,365 00:00:00,L,,,,OFF,0 00:00:00,L,,,,3,A,+/- 4.9,m/s,0.01922,0,Activity,10,1,,,2018-05-11
25284,1294145,2,WAGENINGEN UR MARINE RESEARCH,Jan Reubens,V13AP-1x-069k-1-0034m,A69-9006-3947,140,ON,90 00:00:00,H,,50,100,ON,55 00:00:00,H,,140,220,OFF,365 00:00:00,L,,,,OFF,0 00:00:00,L,,,,3,P,0034,Meters,0.1516,-0.6065,,,,,,2018-05-11
25284,1294146,2,WAGENINGEN UR MARINE RESEARCH,Jan Reubens,V13AP-1x-069k-1-0034m,A69-9006-3948,140,ON,90 00:00:00,H,37,50,100,ON,55 00:00:00,H,37,140,220,OFF,365 00:00:00,L,,,,OFF,0 00:00:00,L,,,,3,A,+/- 4.9,m/s,0.01922,0,Activity,10,1,,,2018-05-11
25284,1294146,2,WAGENINGEN UR MARINE RESEARCH,Jan Reubens,V13AP-1x-069k-1-0034m,A69-9006-3949,140,ON,90 00:00:00,H,,50,100,ON,55 00:00:00,H,,140,220,OFF,365 00:00:00,L,,,,OFF,0 00:00:00,L,,,,3,P,0034,Meters,0.1516,-0.6065,,,,,,2018-05-11
25284,1294147,2,WAGENINGEN UR MARINE RESEARCH,Jan Reubens,V13AP-1x-069k-1-0034m,A69-9006-3950,140,ON,90 00:00:00,H,37,50,100,ON,55 00:00:00,H,37,140,220,OFF,365 00:00:00,L,,,,OFF,0 00:00:00,L,,,,3,A,+/- 4.9,m/s,0.01922,0,Activity,10,1,,,2018-05-11
25284,1294147,2,WAGENINGEN UR MARINE RESEARCH,Jan Reubens,V13AP-1x-069k-1-0034m,A69-9006-3951,140,ON,90 00:00:00,H,,50,100,ON,55 00:00:00,H,,140,220,OFF,365 00:00:00,L,,,,OFF,0 00:00:00,L,,,,3,P,0034,Meters,0.1516,-0.6065,,,,,,2018-05-11
25284,1294148,2,WAGENINGEN UR MARINE RESEARCH,Jan Reubens,V13AP-1x-069k-1-0034m,A69-9006-3952,140,ON,90 00:00:00,H,37,50,100,ON,55 00:00:00,H,37,140,220,OFF,365 00:00:00,L,,,,OFF,0 00:00:00,L,,,,3,A,+/- 4.9,m/s,0.01922,0,Activity,10,1,,,2018-05-11
25284,1294148,2,WAGENINGEN UR MARINE RESEARCH,Jan Reubens,V13AP-1x-069k-1-0034m,A69-9006-3953,140,ON,90 00:00:00,H,,50,100,ON,55 00:00:00,H,,140,220,OFF,365 00:00:00,L,,,,OFF,0 00:00:00,L,,,,3,P,0034,Meters,0.1516,-0.6065,,,,,,2018-05-11
25284,1294149,2,WAGENINGEN UR MARINE RESEARCH,Jan Reubens,V13AP-1x-069k-1-0034m,A69-9006-3954,140,ON,90 00:00:00,H,37,50,100,ON,55 00:00:00,H,37,140,220,OFF,365 00:00:00,L,,,,OFF,0 00:00:00,L,,,,3,A,+/- 4.9,m/s,0.01922,0,Activity,10,1,,,2018-05-11
25284,1294149,2,WAGENINGEN UR MARINE RESEARCH,Jan Reubens,V13AP-1x-069k-1-0034m,A69-9006-3955,140,ON,90 00:00:00,H,,50,100,ON,55 00:00:00,H,,140,220,OFF,365 00:00:00,L,,,,OFF,0 00:00:00,L,,,,3,P,0034,Meters,0.1516,-0.6065,,,,,,2018-05-11
25284,1294150,2,WAGENINGEN UR MARINE RESEARCH,Jan Reubens,V13AP-1x-069k-1-0034m,A69-9006-3956,140,ON,90 00:00:00,H,37,50,100,ON,55 00:00:00,H,37,140,220,OFF,365 00:00:00,L,,,,OFF,0 00:00:00,L,,,,3,A,+/- 4.9,m/s,0.01922,0,Activity,10,1,,,2018-05-11
25284,1294150,2,WAGENINGEN UR MARINE RESEARCH,Jan Reubens,V13AP-1x-069k-1-0034m,A69-9006-3957,140,ON,90 00:00:00,H,,50,100,ON,55 00:00:00,H,,140,220,OFF,365 00:00:00,L,,,,OFF,0 00:00:00,L,,,,3,P,0034,Meters,0.1516,-0.6065,,,,,,2018-05-11
25284,1294151,2,WAGENINGEN UR MARINE RESEARCH,Jan Reubens,V13AP-1x-069k-1-0034m,A69-9006-3958,140,ON,90 00:00:00,H,37,50,100,ON,55 00:00:00,H,37,140,220,OFF,365 00:00:00,L,,,,OFF,0 00:00:00,L,,,,3,A,+/- 4.9,m/s,0.01922,0,Activity,10,1,,,2018-05-11
25284,1294151,2,WAGENINGEN UR MARINE RESEARCH,Jan Reubens,V13AP-1x-069k-1-0034m,A69-9006-3959,140,ON,90 00:00:00,H,,50,100,ON,55 00:00:00,H,,140,220,OFF,365 00:00:00,L,,,,OFF,0 00:00:00,L,,,,3,P,0034,Meters,0.1516,-0.6065,,,,,,2018-05-11
25284,1294152,2,WAGENINGEN UR MARINE RESEARCH,Jan Reubens,V13AP-1x-069k-1-0034m,A69-9006-3960,140,ON,90 00:00:00,H,37,50,100,ON,55 00:00:00,H,37,140,220,OFF,365 00:00:00,L,,,,OFF,0 00:00:00,L,,,,3,A,+/- 4.9,m/s,0.01922,0,Activity,10,1,,,2018-05-11
25284,1294152,2,WAGENINGEN UR MARINE RESEARCH,Jan Reubens,V13AP-1x-069k-1-0034m,A69-9006-3961,140,ON,90 00:00:00,H,,50,100,ON,55 00:00:00,H,,140,220,OFF,365 00:00:00,L,,,,OFF,0 00:00:00,L,,,,3,P,0034,Meters,0.1516,-0.6065,,,,,,2018-05-11
25284,1294153,2,WAGENINGEN UR MARINE RESEARCH,Jan Reubens,V13AP-1x-069k-1-0034m,A69-9006-3962,140,ON,90 00:00:00,H,37,50,100,ON,55 00:00:00,H,37,140,220,OFF,365 00:00:00,L,,,,OFF,0 00:00:00,L,,,,3,A,+/- 4.9,m/s,0.01922,0,Activity,10,1,,,2018-05-11
25284,1294153,2,WAGENINGEN UR MARINE RESEARCH,Jan Reubens,V13AP-1x-069k-1-0034m,A69-9006-3963,140,ON,90 00:00:00,H,,50,100,ON,55 00:00:00,H,,140,220,OFF,365 00:00:00,L,,,,OFF,0 00:00:00,L,,,,3,P,0034,Meters,0.1516,-0.6065,,,,,,2018-05-11
25284,1294154,2,WAGENINGEN UR MARINE RESEARCH,Jan Reubens,V13AP-1x-069k-1-0034m,A69-9006-3964,140,ON,90 00:00:00,H,37,50,100,ON,55 00:00:00,H,37,140,220,OFF,365 00:00:00,L,,,,OFF,0 00:00:00,L,,,,3,A,+/- 4.9,m/s,0.01922,0,Activity,10,1,,,2018-05-11
25284,1294154,2,WAGENINGEN UR MARINE RESEARCH,Jan Reubens,V13AP-1x-069k-1-0034m,A69-9006-3965,140,ON,90 00:00:00,H,,50,100,ON,55 00:00:00,H,,140,220,OFF,365 00:00:00,L,,,,OFF,0 00:00:00,L,,,,3,P,0034,Meters,0.1516,-0.6065,,,,,,2018-05-11
25284,1294155,2,WAGENINGEN UR MARINE RESEARCH,Jan Reubens,V13AP-1x-069k-1-0034m,A69-9006-3966,140,ON,90 00:00:00,H,37,50,100,ON,55 00:00:00,H,37,140,220,OFF,365 00:00:00,L,,,,OFF,0 00:00:00,L,,,,3,A,+/- 4.9,m/s,0.01922,0,Activity,10,1,,,2018-05-11
25284,1294155,2,WAGENINGEN UR MARINE RESEARCH,Jan Reubens,V13AP-1x-069k-1-0034m,A69-9006-3967,140,ON,90 00:00:00,H,,50,100,ON,55 00:00:00,H,,140,220,OFF,365 00:00:00,L,,,,OFF,0 00:00:00,L,,,,3,P,0034,Meters,0.1516,-0.6065,,,,,,2018-05-11
25284,1294156,2,WAGENINGEN UR MARINE RESEARCH,Jan Reubens,V13AP-1x-069k-1-0034m,A69-9006-3968,140,ON,90 00:00:00,H,37,50,100,ON,55 00:00:00,H,37,140,220,OFF,365 00:00:00,L,,,,OFF,0 00:00:00,L,,,,3,A,+/- 4.9,m/s,0.01922,0,Activity,10,1,,,2018-05-11
25284,1294156,2,WAGENINGEN UR MARINE RESEARCH,Jan Reubens,V13AP-1x-069k-1-0034m,A69-9006-3969,140,ON,90 00:00:00,H,,50,100,ON,55 00:00:00,H,,140,220,OFF,365 00:00:00,L,,,,OFF,0 00:00:00,L,,,,3,P,0034,Meters,0.1516,-0.6065,,,,,,2018-05-11
25284,1294157,2,WAGENINGEN UR MARINE RESEARCH,Jan Reubens,V13AP-1x-069k-1-0034m,A69-9006-3970,140,ON,90 00:00:00,H,37,50,100,ON,55 00:00:00,H,37,140,220,OFF,365 00:00:00,L,,,,OFF,0 00:00:00,L,,,,3,A,+/- 4.9,m/s,0.01922,0,Activity,10,1,,,2018-05-11
25284,1294157,2,WAGENINGEN UR MARINE RESEARCH,Jan Reubens,V13AP-1x-069k-1-0034m,A69-9006-3971,140,ON,90 00:00:00,H,,50,100,ON,55 00:00:00,H,,140,220,OFF,365 00:00:00,L,,,,OFF,0 00:00:00,L,,,,3,P,0034,Meters,0.1516,-0.6065,,,,,,2018-05-11
25284,1294158,2,WAGENINGEN UR MARINE RESEARCH,Jan Reubens,V13AP-1x-069k-1-0034m,A69-9006-3972,140,ON,90 00:00:00,H,37,50,100,ON,55 00:00:00,H,37,140,220,OFF,365 00:00:00,L,,,,OFF,0 00:00:00,L,,,,3,A,+/- 4.9,m/s,0.01922,0,Activity,10,1,,,2018-05-11
25284,1294158,2,WAGENINGEN UR MARINE RESEARCH,Jan Reubens,V13AP-1x-069k-1-0034m,A69-9006-3973,140,ON,90 00:00:00,H,,50,100,ON,55 00:00:00,H,,140,220,OFF,365 00:00:00,L,,,,OFF,0 00:00:00,L,,,,3,P,0034,Meters,0.1516,-0.6065,,,,,,2018-05-11
25284,1294159,2,WAGENINGEN UR MARINE RESEARCH,Jan Reubens,V13AP-1x-069k-1-0034m,A69-9006-3974,140,ON,90 00:00:00,H,37,50,100,ON,55 00:00:00,H,37,140,220,OFF,365 00:00:00,L,,,,OFF,0 00:00:00,L,,,,3,A,+/- 4.9,m/s,0.01922,0,Activity,10,1,,,2018-05-11
25284,1294159,2,WAGENINGEN UR MARINE RESEARCH,Jan Reubens,V13AP-1x-069k-1-0034m,A69-9006-3975,140,ON,90 00:00:00,H,,50,100,ON,55 00:00:00,H,,140,220,OFF,365 00:00:00,L,,,,OFF,0 00:00:00,L,,,,3,P,0034,Meters,0.1516,-0.6065,,,,,,2018-05-11
25284,1294160,2,WAGENINGEN UR MARINE RESEARCH,Jan Reubens,V13AP-1x-069k-1-0034m,A69-9006-3976,140,ON,90 00:00:00,H,37,50,100,ON,55 00:00:00,H,37,140,220,OFF,365 00:00:00,L,,,,OFF,0 00:00:00,L,,,,3,A,+/- 4.9,m/s,0.01922,0,Activity,10,1,,,2018-05-11
25284,1294160,2,WAGENINGEN UR MARINE RESEARCH,Jan Reubens,V13AP-1x-069k-1-0034m,A69-9006-3977,140,ON,90 00:00:00,H,,50,100,ON,55 00:00:00,H,,140,220,OFF,365 00:00:00,L,,,,OFF,0 00:00:00,L,,,,3,P,0034,Meters,0.1516,-0.6065,,,,,,2018-05-11
25284,1294161,2,WAGENINGEN UR MARINE RESEARCH,Jan Reubens,V13AP-1x-069k-1-0034m,A69-9006-3978,140,ON,90 00:00:00,H,37,50,100,ON,55 00:00:00,H,37,140,220,OFF,365 00:00:00,L,,,,OFF,0 00:00:00,L,,,,3,A,+/- 4.9,m/s,0.01922,0,Activity,10,1,,,2018-05-11
25284,1294161,2,WAGENINGEN UR MARINE RESEARCH,Jan Reubens,V13AP-1x-069k-1-0034m,A69-9006-3979,140,ON,90 00:00:00,H,,50,100,ON,55 00:00:00,H,,140,220,OFF,365 00:00:00,L,,,,OFF,0 00:00:00,L,,,,3,P,0034,Meters,0.1516,-0.6065,,,,,,2018-05-11
25284,1294162,2,WAGENINGEN UR MARINE RESEARCH,Jan Reubens,V13AP-1x-069k-1-0034m,A69-9006-3980,140,ON,90 00:00:00,H,37,50,100,ON,55 00:00:00,H,37,140,220,OFF,365 00:00:00,L,,,,OFF,0 00:00:00,L,,,,3,A,+/- 4.9,m/s,0.01922,0,Activity,10,1,,,2018-05-11
25284,1294162,2,WAGENINGEN UR MARINE RESEARCH,Jan Reubens,V13AP-1x-069k-1-0034m,A69-9006-3981,140,ON,90 00:00:00,H,,50,100,ON,55 00:00:00,H,,140,220,OFF,365 00:00:00,L,,,,OFF,0 00:00:00,L,,,,3,P,0034,Meters,0.1516,-0.6065,,,,,,2018-05-11
25284,1294163,2,WAGENINGEN UR MARINE RESEARCH,Jan Reubens,V13AP-1x-069k-1-0034m,A69-9006-3982,140,ON,90 00:00:00,H,37,50,100,ON,55 00:00:00,H,37,140,220,OFF,365 00:00:00,L,,,,OFF,0 00:00:00,L,,,,3,A,+/- 4.9,m/s,0.01922,0,Activity,10,1,,,2018-05-11
25284,1294163,2,WAGENINGEN UR MARINE RESEARCH,Jan Reubens,V13AP-1x-069k-1-0034m,A69-9006-3983,140,ON,90 00:00:00,H,,50,100,ON,55 00:00:00,H,,140,220,OFF,365 00:00:00,L,,,,OFF,0 00:00:00,L,,,,3,P,0034,Meters,0.1516,-0.6065,,,,,,2018-05-11
25284,1294164,2,WAGENINGEN UR MARINE RESEARCH,Jan Reubens,V13AP-1x-069k-1-0034m,A69-9006-3984,140,ON,90 00:00:00,H,37,50,100,ON,55 00:00:00,H,37,140,220,OFF,365 00:00:00,L,,,,OFF,0 00:00:00,L,,,,3,A,+/- 4.9,m/s,0.01922,0,Activity,10,1,,,2018-05-11
25284,1294164,2,WAGENINGEN UR MARINE RESEARCH,Jan Reubens,V13AP-1x-069k-1-0034m,A69-9006-3985,140,ON,90 00:00:00,H,,50,100,ON,55 00:00:00,H,,140,220,OFF,365 00:00:00,L,,,,OFF,0 00:00:00,L,,,,3,P,0034,Meters,0.1516,-0.6065,,,,,,2018-05-11
25284,1294165,2,WAGENINGEN UR MARINE RESEARCH,Jan Reubens,V13AP-1x-069k-1-0034m,A69-9006-3986,140,ON,90 00:00:00,H,37,50,100,ON,55 00:00:00,H,37,140,220,OFF,365 00:00:00,L,,,,OFF,0 00:00:00,L,,,,3,A,+/- 4.9,m/s,0.01922,0,Activity,10,1,,,2018-05-11
25284,1294165,2,WAGENINGEN UR MARINE RESEARCH,Jan Reubens,V13AP-1x-069k-1-0034m,A69-9006-3987,140,ON,90 00:00:00,H,,50,100,ON,55 00:00:00,H,,140,220,OFF,365 00:00:00,L,,,,OFF,0 00:00:00,L,,,,3,P,0034,Meters,0.1516,-0.6065,,,,,,2018-05-11
25284,1294166,2,WAGENINGEN UR MARINE RESEARCH,Jan Reubens,V13AP-1x-069k-1-0034m,A69-9006-3988,140,ON,90 00:00:00,H,37,50,100,ON,55 00:00:00,H,37,140,220,OFF,365 00:00:00,L,,,,OFF,0 00:00:00,L,,,,3,A,+/- 4.9,m/s,0.01922,0,Activity,10,1,,,2018-05-11
25284,1294166,2,WAGENINGEN UR MARINE RESEARCH,Jan Reubens,V13AP-1x-069k-1-0034m,A69-9006-3989,140,ON,90 00:00:00,H,,50,100,ON,55 00:00:00,H,,140,220,OFF,365 00:00:00,L,,,,OFF,0 00:00:00,L,,,,3,P,0034,Meters,0.1516,-0.6065,,,,,,2018-05-11
25284,1294167,2,WAGENINGEN UR MARINE RESEARCH,Jan Reubens,V13AP-1x-069k-1-0034m,A69-9006-3990,140,ON,90 00:00:00,H,37,50,100,ON,55 00:00:00,H,37,140,220,OFF,365 00:00:00,L,,,,OFF,0 00:00:00,L,,,,3,A,+/- 4.9,m/s,0.01922,0,Activity,10,1,,,2018-05-11
25284,1294167,2,WAGENINGEN UR MARINE RESEARCH,Jan Reubens,V13AP-1x-069k-1-0034m,A69-9006-3991,140,ON,90 00:00:00,H,,50,100,ON,55 00:00:00,H,,140,220,OFF,365 00:00:00,L,,,,OFF,0 00:00:00,L,,,,3,P,0034,Meters,0.1516,-0.6065,,,,,,2018-05-11
25284,1294168,2,WAGENINGEN UR MARINE RESEARCH,Jan Reubens,V13AP-1x-069k-1-0034m,A69-9006-3992,140,ON,90 00:00:00,H,37,50,100,ON,55 00:00:00,H,37,140,220,OFF,365 00:00:00,L,,,,OFF,0 00:00:00,L,,,,3,A,+/- 4.9,m/s,0.01922,0,Activity,10,1,,,2018-05-11
25284,1294168,2,WAGENINGEN UR MARINE RESEARCH,Jan Reubens,V13AP-1x-069k-1-0034m,A69-9006-3993,140,ON,90 00:00:00,H,,50,100,ON,55 00:00:00,H,,140,220,OFF,365 00:00:00,L,,,,OFF,0 00:00:00,L,,,,3,P,0034,Meters,0.1516,-0.6065,,,,,,2018-05-11
25284,1294169,2,WAGENINGEN UR MARINE RESEARCH,Jan Reubens,V13AP-1x-069k-1-0034m,A69-9006-3994,140,ON,90 00:00:00,H,37,50,100,ON,55 00:00:00,H,37,140,220,OFF,365 00:00:00,L,,,,OFF,0 00:00:00,L,,,,3,A,+/- 4.9,m/s,0.01922,0,Activity,10,1,,,2018-05-11
25284,1294169,2,WAGENINGEN UR MARINE RESEARCH,Jan Reubens,V13AP-1x-069k-1-0034m,A69-9006-3995,140,ON,90 00:00:00,H,,50,100,ON,55 00:00:00,H,,140,220,OFF,365 00:00:00,L,,,,OFF,0 00:00:00,L,,,,3,P,0034,Meters,0.1516,-0.6065,,,,,,2018-05-11
25284,1294170,2,WAGENINGEN UR MARINE RESEARCH,Jan Reubens,V13AP-1x-069k-1-0034m,A69-9006-3996,140,ON,90 00:00:00,H,37,50,100,ON,55 00:00:00,H,37,140,220,OFF,365 00:00:00,L,,,,OFF,0 00:00:00,L,,,,3,A,+/- 4.9,m/s,0.01922,0,Activity,10,1,,,2018-05-11
25284,1294170,2,WAGENINGEN UR MARINE RESEARCH,Jan Reubens,V13AP-1x-069k-1-0034m,A69-9006-3997,140,ON,90 00:00:00,H,,50,100,ON,55 00:00:00,H,,140,220,OFF,365 00:00:00,L,,,,OFF,0 00:00:00,L,,,,3,P,0034,Meters,0.1516,-0.6065,,,,,,2018-05-11
25284,1294171,2,WAGENINGEN UR MARINE RESEARCH,Jan Reubens,V13AP-1x-069k-1-0034m,A69-9006-3998,140,ON,90 00:00:00,H,37,50,100,ON,55 00:00:00,H,37,140,220,OFF,365 00:00:00,L,,,,OFF,0 00:00:00,L,,,,3,A,+/- 4.9,m/s,0.01922,0,Activity,10,1,,,2018-05-11
25284,1294171,2,WAGENINGEN UR MARINE RESEARCH,Jan Reubens,V13AP-1x-069k-1-0034m,A69-9006-3999,140,ON,90 00:00:00,H,,50,100,ON,55 00:00:00,H,,140,220,OFF,365 00:00:00,L,,,,OFF,0 00:00:00,L,,,,3,P,0034,Meters,0.1516,-0.6065,,,,,,2018-05-11
25284,1294172,2,WAGENINGEN UR MARINE RESEARCH,Jan Reubens,V13AP-1x-069k-1-0034m,A69-9006-4000,140,ON,90 00:00:00,H,37,50,100,ON,55 00:00:00,H,37,140,220,OFF,365 00:00:00,L,,,,OFF,0 00:00:00,L,,,,3,A,+/- 4.9,m/s,0.01922,0,Activity,10,1,,,2018-05-11
25284,1294172,2,WAGENINGEN UR MARINE RESEARCH,Jan Reubens,V13AP-1x-069k-1-0034m,A69-9006-4001,140,ON,90 00:00:00,H,,50,100,ON,55 00:00:00,H,,140,220,OFF,365 00:00:00,L,,,,OFF,0 00:00:00,L,,,,3,P,0034,Meters,0.1516,-0.6065,,,,,,2018-05-11
25284,1294173,2,WAGENINGEN UR MARINE RESEARCH,Jan Reubens,V13AP-1x-069k-1-0034m,A69-9006-4002,140,ON,90 00:00:00,H,37,50,100,ON,55 00:00:00,H,37,140,220,OFF,365 00:00:00,L,,,,OFF,0 00:00:00,L,,,,3,A,+/- 4.9,m/s,0.01922,0,Activity,10,1,,,2018-05-11
25284,1294173,2,WAGENINGEN UR MARINE RESEARCH,Jan Reubens,V13AP-1x-069k-1-0034m,A69-9006-4003,140,ON,90 00:00:00,H,,50,100,ON,55 00:00:00,H,,140,220,OFF,365 00:00:00,L,,,,OFF,0 00:00:00,L,,,,3,P,0034,Meters,0.1516,-0.6065,,,,,,2018-05-11
25284,1294174,2,WAGENINGEN UR MARINE RESEARCH,Jan Reubens,V13AP-1x-069k-1-0034m,A69-9006-4004,140,ON,90 00:00:00,H,37,50,100,ON,55 00:00:00,H,37,140,220,OFF,365 00:00:00,L,,,,OFF,0 00:00:00,L,,,,3,A,+/- 4.9,m/s,0.01922,0,Activity,10,1,,,2018-05-11
25284,1294174,2,WAGENINGEN UR MARINE RESEARCH,Jan Reubens,V13AP-1x-069k-1-0034m,A69-9006-4005,140,ON,90 00:00:00,H,,50,100,ON,55 00:00:00,H,,140,220,OFF,365 00:00:00,L,,,,OFF,0 00:00:00,L,,,,3,P,0034,Meters,0.1516,-0.6065,,,,,,2018-05-11
25284,1294175,2,WAGENINGEN UR MARINE RESEARCH,Jan Reubens,V13AP-1x-069k-1-0034m,A69-9006-4006,140,ON,90 00:00:00,H,37,50,100,ON,55 00:00:00,H,37,140,220,OFF,365 00:00:00,L,,,,OFF,0 00:00:00,L,,,,3,A,+/- 4.9,m/s,0.01922,0,Activity,10,1,,,2018-05-11
25284,1294175,2,WAGENINGEN UR MARINE RESEARCH,Jan Reubens,V13AP-1x-069k-1-0034m,A69-9006-4007,140,ON,90 00:00:00,H,,50,100,ON,55 00:00:00,H,,140,220,OFF,365 00:00:00,L,,,,OFF,0 00:00:00,L,,,,3,P,0034,Meters,0.1516,-0.6065,,,,,,2018-05-11
25284,1294176,2,WAGENINGEN UR MARINE RESEARCH,Jan Reubens,V13AP-1x-069k-1-0034m,A69-9006-4008,140,ON,90 00:00:00,H,37,50,100,ON,55 00:00:00,H,37,140,220,OFF,365 00:00:00,L,,,,OFF,0 00:00:00,L,,,,3,A,+/- 4.9,m/s,0.01922,0,Activity,10,1,,,2018-05-11
25284,1294176,2,WAGENINGEN UR MARINE RESEARCH,Jan Reubens,V13AP-1x-069k-1-0034m,A69-9006-4009,140,ON,90 00:00:00,H,,50,100,ON,55 00:00:00,H,,140,220,OFF,365 00:00:00,L,,,,OFF,0 00:00:00,L,,,,3,P,0034,Meters,0.1516,-0.6065,,,,,,2018-05-11
25284,1294177,2,WAGENINGEN UR MARINE RESEARCH,Jan Reubens,V13AP-1x-069k-1-0034m,A69-9006-4010,140,ON,90 00:00:00,H,37,50,100,ON,55 00:00:00,H,37,140,220,OFF,365 00:00:00,L,,,,OFF,0 00:00:00,L,,,,3,A,+/- 4.9,m/s,0.01922,0,Activity,10,1,,,2018-05-11
25284,1294177,2,WAGENINGEN UR MARINE RESEARCH,Jan Reubens,V13AP-1x-069k-1-0034m,A69-9006-4011,140,ON,90 00:00:00,H,,50,100,ON,55 00:00:00,H,,140,220,OFF,365 00:00:00,L,,,,OFF,0 00:00:00,L,,,,3,P,0034,Meters,0.1516,-0.6065,,,,,,2018-05-11
25284,1294178,2,WAGENINGEN UR MARINE RESEARCH,Jan Reubens,V13AP-1x-069k-1-0034m,A69-9006-4012,140,ON,90 00:00:00,H,37,50,100,ON,55 00:00:00,H,37,140,220,OFF,365 00:00:00,L,,,,OFF,0 00:00:00,L,,,,3,A,+/- 4.9,m/s,0.01922,0,Activity,10,1,,,2018-05-11
25284,1294178,2,WAGENINGEN UR MARINE RESEARCH,Jan Reubens,V13AP-1x-069k-1-0034m,A69-9006-4013,140,ON,90 00:00:00,H,,50,100,ON,55 00:00:00,H,,140,220,OFF,365 00:00:00,L,,,,OFF,0 00:00:00,L,,,,3,P,0034,Meters,0.1516,-0.6065,,,,,,2018-05-11
25284,1294179,2,WAGENINGEN UR MARINE RESEARCH,Jan Reubens,V13AP-1x-069k-1-0034m,A69-9006-4014,140,ON,90 00:00:00,H,37,50,100,ON,55 00:00:00,H,37,140,220,OFF,365 00:00:00,L,,,,OFF,0 00:00:00,L,,,,3,A,+/- 4.9,m/s,0.01922,0,Activity,10,1,,,2018-05-11
25284,1294179,2,WAGENINGEN UR MARINE RESEARCH,Jan Reubens,V13AP-1x-069k-1-0034m,A69-9006-4015,140,ON,90 00:00:00,H,,50,100,ON,55 00:00:00,H,,140,220,OFF,365 00:00:00,L,,,,OFF,0 00:00:00,L,,,,3,P,0034,Meters,0.1516,-0.6065,,,,,,2018-05-11
25284,1294180,2,WAGENINGEN UR MARINE RESEARCH,Jan Reubens,V13AP-1x-069k-1-0034m,A69-9006-4016,140,ON,90 00:00:00,H,37,50,100,ON,55 00:00:00,H,37,140,220,OFF,365 00:00:00,L,,,,OFF,0 00:00:00,L,,,,3,A,+/- 4.9,m/s,0.01922,0,Activity,10,1,,,2018-05-11
25284,1294180,2,WAGENINGEN UR MARINE RESEARCH,Jan Reubens,V13AP-1x-069k-1-0034m,A69-9006-4017,140,ON,90 00:00:00,H,,50,100,ON,55 00:00:00,H,,140,220,OFF,365 00:00:00,L,,,,OFF,0 00:00:00,L,,,,3,P,0034,Meters,0.1516,-0.6065,,,,,,2018-05-11
25284,1294181,2,WAGENINGEN UR MARINE RESEARCH,Jan Reubens,V13AP-1x-069k-1-0034m,A69-9006-4018,140,ON,90 00:00:00,H,37,50,100,ON,55 00:00:00,H,37,140,220,OFF,365 00:00:00,L,,,,OFF,0 00:00:00,L,,,,3,A,+/- 4.9,m/s,0.01922,0,Activity,10,1,,,2018-05-11
25284,1294181,2,WAGENINGEN UR MARINE RESEARCH,Jan Reubens,V13AP-1x-069k-1-0034m,A69-9006-4019,140,ON,90 00:00:00,H,,50,100,ON,55 00:00:00,H,,140,220,OFF,365 00:00:00,L,,,,OFF,0 00:00:00,L,,,,3,P,0034,Meters,0.1516,-0.6065,,,,,,2018-05-11
25284,1294182,2,WAGENINGEN UR MARINE RESEARCH,Jan Reubens,V13AP-1x-069k-1-0034m,A69-9006-4020,140,ON,90 00:00:00,H,37,50,100,ON,55 00:00:00,H,37,140,220,OFF,365 00:00:00,L,,,,OFF,0 00:00:00,L,,,,3,A,+/- 4.9,m/s,0.01922,0,Activity,10,1,,,2018-05-11
25284,1294182,2,WAGENINGEN UR MARINE RESEARCH,Jan Reubens,V13AP-1x-069k-1-0034m,A69-9006-4021,140,ON,90 00:00:00,H,,50,100,ON,55 00:00:00,H,,140,220,OFF,365 00:00:00,L,,,,OFF,0 00:00:00,L,,,,3,P,0034,Meters,0.1516,-0.6065,,,,,,2018-05-11
25284,1294183,2,WAGENINGEN UR MARINE RESEARCH,Jan Reubens,V13AP-1x-069k-1-0034m,A69-9006-4022,140,ON,90 00:00:00,H,37,50,100,ON,55 00:00:00,H,37,140,220,OFF,365 00:00:00,L,,,,OFF,0 00:00:00,L,,,,3,A,+/- 4.9,m/s,0.01922,0,Activity,10,1,,,2018-05-11
25284,1294183,2,WAGENINGEN UR MARINE RESEARCH,Jan Reubens,V13AP-1x-069k-1-0034m,A69-9006-4023,140,ON,90 00:00:00,H,,50,100,ON,55 00:00:00,H,,140,220,OFF,365 00:00:00,L,,,,OFF,0 00:00:00,L,,,,3,P,0034,Meters,0.1516,-0.6065,,,,,,2018-05-11
25284,1294184,2,WAGENINGEN UR MARINE RESEARCH,Jan Reubens,V13AP-1x-069k-1-0034m,A69-9006-4024,140,ON,90 00:00:00,H,37,50,100,ON,55 00:00:00,H,37,140,220,OFF,365 00:00:00,L,,,,OFF,0 00:00:00,L,,,,3,A,+/- 4.9,m/s,0.01922,0,Activity,10,1,,,2018-05-11
25284,1294184,2,WAGENINGEN UR MARINE RESEARCH,Jan Reubens,V13AP-1x-069k-1-0034m,A69-9006-4025,140,ON,90 00:00:00,H,,50,100,ON,55 00:00:00,H,,140,220,OFF,365 00:00:00,L,,,,OFF,0 00:00:00,L,,,,3,P,0034,Meters,0.1516,-0.6065,,,,,,2018-05-11
25284,1294185,2,WAGENINGEN UR MARINE RESEARCH,Jan Reubens,V13AP-1x-069k-1-0034m,A69-9006-4026,140,ON,90 00:00:00,H,37,50,100,ON,55 00:00:00,H,37,140,220,OFF,365 00:00:00,L,,,,OFF,0 00:00:00,L,,,,3,A,+/- 4.9,m/s,0.01922,0,Activity,10,1,,,2018-05-11
25284,1294185,2,WAGENINGEN UR MARINE RESEARCH,Jan Reubens,V13AP-1x-069k-1-0034m,A69-9006-4027,140,ON,90 00:00:00,H,,50,100,ON,55 00:00:00,H,,140,220,OFF,365 00:00:00,L,,,,OFF,0 00:00:00,L,,,,3,P,0034,Meters,0.1516,-0.6065,,,,,,2018-05-11
25284,1294186,2,WAGENINGEN UR MARINE RESEARCH,Jan Reubens,V13AP-1x-069k-1-0034m,A69-9006-4028,140,ON,90 00:00:00,H,37,50,100,ON,55 00:00:00,H,37,140,220,OFF,365 00:00:00,L,,,,OFF,0 00:00:00,L,,,,3,A,+/- 4.9,m/s,0.01922,0,Activity,10,1,,,2018-05-11
25284,1294186,2,WAGENINGEN UR MARINE RESEARCH,Jan Reubens,V13AP-1x-069k-1-0034m,A69-9006-4029,140,ON,90 00:00:00,H,,50,100,ON,55 00:00:00,H,,140,220,OFF,365 00:00:00,L,,,,OFF,0 00:00:00,L,,,,3,P,0034,Meters,0.1516,-0.6065,,,,,,2018-05-11
25284,1294187,2,WAGENINGEN UR MARINE RESEARCH,Jan Reubens,V13AP-1x-069k-1-0034m,A69-9006-4030,140,ON,90 00:00:00,H,37,50,100,ON,55 00:00:00,H,37,140,220,OFF,365 00:00:00,L,,,,OFF,0 00:00:00,L,,,,3,A,+/- 4.9,m/s,0.01922,0,Activity,10,1,,,2018-05-11
25284,1294187,2,WAGENINGEN UR MARINE RESEARCH,Jan Reubens,V13AP-1x-069k-1-0034m,A69-9006-4031,140,ON,90 00:00:00,H,,50,100,ON,55 00:00:00,H,,140,220,OFF,365 00:00:00,L,,,,OFF,0 00:00:00,L,,,,3,P,0034,Meters,0.1516,-0.6065,,,,,,2018-05-11
25284,1294188,2,WAGENINGEN UR MARINE RESEARCH,Jan Reubens,V13AP-1x-069k-1-0034m,A69-9006-4032,140,ON,90 00:00:00,H,37,50,100,ON,55 00:00:00,H,37,140,220,OFF,365 00:00:00,L,,,,OFF,0 00:00:00,L,,,,3,A,+/- 4.9,m/s,0.01922,0,Activity,10,1,,,2018-05-11
25284,1294188,2,WAGENINGEN UR MARINE RESEARCH,Jan Reubens,V13AP-1x-069k-1-0034m,A69-9006-4033,140,ON,90 00:00:00,H,,50,100,ON,55 00:00:00,H,,140,220,OFF,365 00:00:00,L,,,,OFF,0 00:00:00,L,,,,3,P,0034,Meters,0.1516,-0.6065,,,,,,2018-05-11
25284,1294189,2,WAGENINGEN UR MARINE RESEARCH,Jan Reubens,V13AP-1x-069k-1-0034m,A69-9006-4034,140,ON,90 00:00:00,H,37,50,100,ON,55 00:00:00,H,37,140,220,OFF,365 00:00:00,L,,,,OFF,0 00:00:00,L,,,,3,A,+/- 4.9,m/s,0.01922,0,Activity,10,1,,,2018-05-11
25284,1294189,2,WAGENINGEN UR MARINE RESEARCH,Jan Reubens,V13AP-1x-069k-1-0034m,A69-9006-4035,140,ON,90 00:00:00,H,,50,100,ON,55 00:00:00,H,,140,220,OFF,365 00:00:00,L,,,,OFF,0 00:00:00,L,,,,3,P,0034,Meters,0.1516,-0.6065,,,,,,2018-05-11
25284,1294190,2,WAGENINGEN UR MARINE RESEARCH,Jan Reubens,V13AP-1x-069k-1-0034m,A69-9006-4036,140,ON,90 00:00:00,H,37,50,100,ON,55 00:00:00,H,37,140,220,OFF,365 00:00:00,L,,,,OFF,0 00:00:00,L,,,,3,A,+/- 4.9,m/s,0.01922,0,Activity,10,1,,,2018-05-11
25284,1294190,2,WAGENINGEN UR MARINE RESEARCH,Jan Reubens,V13AP-1x-069k-1-0034m,A69-9006-4037,140,ON,90 00:00:00,H,,50,100,ON,55 00:00:00,H,,140,220,OFF,365 00:00:00,L,,,,OFF,0 00:00:00,L,,,,3,P,0034,Meters,0.1516,-0.6065,,,,,,2018-05-11
25284,1294191,2,WAGENINGEN UR MARINE RESEARCH,Jan Reubens,V13AP-1x-069k-1-0034m,A69-9006-4038,140,ON,90 00:00:00,H,37,50,100,ON,55 00:00:00,H,37,140,220,OFF,365 00:00:00,L,,,,OFF,0 00:00:00,L,,,,3,A,+/- 4.9,m/s,0.01922,0,Activity,10,1,,,2018-05-11
25284,1294191,2,WAGENINGEN UR MARINE RESEARCH,Jan Reubens,V13AP-1x-069k-1-0034m,A69-9006-4039,140,ON,90 00:00:00,H,,50,100,ON,55 00:00:00,H,,140,220,OFF,365 00:00:00,L,,,,OFF,0 00:00:00,L,,,,3,P,0034,Meters,0.1516,-0.6065,,,,,,2018-05-11
